id,fullname ,job ,gender ,city,salary,birthday 
1,Devonna Reap,artist,Female,San Diego,10001,1980-10-08
2,Banky Corradi,lawyer,Male,Chicago,10001,1979-06-06
3,Alix Callcott,teacher,Female,Houston,10001,1980-10-22
4,Jaime Peatt,artist,Male,San Diego,10001,1994-02-08
5,Baird Ubanks,chef,Male,Philadelphia,10000,1997-10-18
6,Cory Keizman,chef,Female,San Diego,10000,1987-06-10
7,Hendrika Golsworthy,pilot,Female,Los Angeles,10000,1980-11-21
8,Valentino Kleinhausen,doctor,Male,Dallas,10000,1987-07-16
9,Silvanus Spadollini,scientist,Male,San Diego,10001,1990-02-22
10,Sheffie Gooder,artist,Male,Houston,10000,1993-11-23
11,Margarette Okker,pilot,Female,Philadelphia,10000,1964-03-14
12,Dacey Tresler,architect,Female,Chicago,10001,1967-01-14
13,Norine Gurys,doctor,Female,Houston,10000,1993-02-15
14,Marcela Balderston,chef,Female,San Diego,10001,1991-02-21
15,Elisha Haddington,teacher,Female,Phoenix,10001,1983-07-27
16,Claybourne Stachini,teacher,Male,San Jose,10000,1972-12-14
17,Papageno Whiteway,teacher,Male,San Jose,10001,1965-01-18
18,Nealon Malyan,artist,Male,Phoenix,10000,1973-10-18
19,Walther Midner,architect,Male,Phoenix,10001,1967-04-14
20,Erina Evenden,pilot,Female,San Diego,10000,1986-09-04
21,Steffen Aymerich,teacher,Male,San Jose,10001,2000-05-21
22,Judith McCuaig,doctor,Female,San Antonio,10001,1991-05-08
23,Gayler Mabbs,teacher,Male,Houston,10001,1962-11-11
24,Bogey Duffitt,chef,Male,Houston,10001,1970-10-29
25,Adelaida Payley,pilot,Female,Houston,10000,1986-09-27
26,Frasquito Ganders,scientist,Male,San Jose,10000,1992-10-01
27,Cary Peto,writer,Female,Dallas,10001,1993-07-18
28,Rivi Odam,architect,Female,San Antonio,10000,1966-08-02
29,Ellette Tugwell,artist,Female,Philadelphia,10000,1984-12-24
30,Sarene Tuffs,teacher,Female,Dallas,10000,1975-12-16
31,Ian Stokes,architect,Male,Dallas,10001,1982-09-15
32,Fernanda Ayris,pilot,Female,Philadelphia,10000,1997-10-02
33,Felike Hands,lawyer,Male,Los Angeles,10000,1967-10-23
34,Gabie McAuslene,doctor,Male,Phoenix,10001,1992-12-03
35,Fredericka Applegarth,doctor,Female,San Antonio,10001,1969-04-28
36,Renault Pietri,lawyer,Male,San Jose,10001,1991-01-15
37,Devlen McGinn,architect,Male,Dallas,10001,1977-02-01
38,Dolorita Krysztofowicz,teacher,Female,Houston,10000,1999-02-04
39,Trude Pigrome,chef,Female,Houston,10000,1974-10-01
40,Laurent Disman,doctor,Male,San Diego,10001,1986-09-27
41,Cristiano Tatteshall,scientist,Male,Chicago,10000,1977-03-30
42,Hortense Palffy,engineer,Female,Houston,10001,1977-02-07
43,Renault Broad,writer,Male,Phoenix,10001,1986-12-21
44,Orrin Thrush,teacher,Male,Houston,10000,1968-05-15
45,Claudelle Kleingrub,chef,Female,Chicago,10000,1984-09-05
46,Ignacius Camis,artist,Male,Los Angeles,10000,1961-12-25
47,Cary Cliffe,scientist,Male,Phoenix,10001,1977-10-26
48,Jabez Manston,architect,Male,New York,10001,1984-12-07
49,Lara Drakeford,artist,Female,Chicago,10001,1962-05-31
50,Hagen Straine,artist,Male,Los Angeles,10001,1963-09-10
51,Staford Methingam,doctor,Male,New York,10000,1992-08-07
52,Hashim Bootherstone,artist,Male,Phoenix,10001,1961-05-14
53,Jessica Merit,teacher,Female,Houston,10000,1966-11-18
54,Guenevere Stimpson,writer,Female,San Jose,10000,1968-04-25
55,Hobard Llop,pilot,Male,Dallas,10000,1979-09-02
56,Napoleon Folomkin,writer,Male,New York,10001,1994-07-31
57,Hedda Serrier,chef,Female,San Jose,10001,1983-03-18
58,Gillie Delany,doctor,Female,Houston,10001,1980-04-28
59,Jillie Neale,scientist,Female,San Antonio,10001,1970-02-19
60,Juanita Leader,teacher,Female,Chicago,10000,1972-09-06
61,Sula Ancliff,artist,Female,Chicago,10000,1997-03-11
62,Matti Finley,architect,Female,New York,10000,1969-11-17
63,Felicity Drogan,teacher,Female,San Antonio,10000,1967-05-12
64,Mada O'Dougherty,lawyer,Female,San Antonio,10000,1988-05-04
65,Ty De La Cote,doctor,Male,San Jose,10001,1978-12-25
66,Elbertine Smees,scientist,Female,San Jose,10001,1973-11-20
67,Pieter Paoletti,writer,Male,Phoenix,10001,1978-02-14
68,Woody Truett,engineer,Male,San Antonio,10000,1999-04-27
69,Carmelina Purdy,lawyer,Female,Dallas,10001,1992-02-10
70,Idelle Akerman,teacher,Female,Phoenix,10001,1967-08-07
71,Livvy Inwood,scientist,Female,San Diego,10000,1985-07-09
72,Koralle Loraine,lawyer,Female,New York,10001,1967-10-04
73,Bendicty Bortoluzzi,doctor,Male,Philadelphia,10000,1990-05-08
74,Una Siaspinski,lawyer,Female,Dallas,10001,1978-02-07
75,Amandi Clementet,architect,Female,Houston,10001,1976-07-02
76,Reynard Heffron,architect,Male,Dallas,10000,1975-04-08
77,Heinrick Tuxell,architect,Male,Dallas,10001,1994-11-03
78,Dalton Shyre,lawyer,Male,New York,10000,1974-05-13
79,Lorrie Wilshire,pilot,Female,Philadelphia,10000,1973-01-12
80,Ray Cork,pilot,Female,Philadelphia,10001,1976-12-11
81,Raffarty Tinson,artist,Male,New York,10000,1972-06-25
82,Win Collelton,engineer,Male,San Diego,10000,1996-09-03
83,Meade de Marco,artist,Male,Philadelphia,10000,1976-01-19
84,Dane Stothert,lawyer,Male,San Jose,10001,1963-04-05
85,Norene Oliff,pilot,Female,New York,10001,1984-11-09
86,Pat Buttwell,architect,Male,San Antonio,10001,1996-09-19
87,Dorisa Clampe,engineer,Female,Philadelphia,10000,1962-11-16
88,Lorena Gaymer,pilot,Female,New York,10000,1969-08-17
89,Rudiger Raffels,doctor,Male,San Diego,10001,1985-09-07
90,Barbabra Kos,artist,Female,Phoenix,10001,1987-02-27
91,Mirabelle Danzig,chef,Female,Los Angeles,10001,1987-01-05
92,Woodrow Sein,pilot,Male,San Diego,10001,1974-12-23
93,Tore Godley,engineer,Male,Houston,10000,1993-02-23
94,Lutero McVee,artist,Male,Chicago,10000,1996-01-11
95,Verney Solland,teacher,Male,Houston,10000,1974-12-23
96,Tana Bettanay,chef,Female,Houston,10001,1967-09-10
97,Carmelia Hush,lawyer,Female,Phoenix,10000,1961-11-30
98,Nerissa Savil,engineer,Female,Philadelphia,10000,1965-05-07
99,Perry Carnachen,teacher,Male,Philadelphia,10001,1993-11-11
100,Charlotta Coulthard,engineer,Female,New York,10000,1997-09-14
101,Annis Bagworth,artist,Female,New York,10001,1981-08-12
102,Silvia MacBrearty,engineer,Female,San Jose,10000,1971-07-10
103,Marv Vineall,lawyer,Male,Phoenix,10000,1980-05-25
104,Briny Upcott,teacher,Female,San Jose,10000,1980-06-08
105,Pasquale Chessel,engineer,Male,Phoenix,10001,1978-02-15
106,Augustine Rippen,writer,Female,Los Angeles,10001,1982-01-04
107,Joachim McVrone,teacher,Male,San Diego,10000,1962-06-14
108,Lothaire Theuff,writer,Male,Phoenix,10000,1964-07-31
109,Tani McKibben,writer,Female,New York,10000,1996-12-30
110,Sancho Crepin,teacher,Male,Phoenix,10000,2000-06-11
111,Davis Bullus,doctor,Male,Dallas,10000,1995-02-01
112,Alessandro Millican,teacher,Male,San Antonio,10001,1969-06-04
113,Marcy Delmonti,engineer,Female,Dallas,10001,1965-08-19
114,Elga Hebblethwaite,artist,Female,San Antonio,10001,1972-05-01
115,Marchelle McCloy,artist,Female,Philadelphia,10000,1961-10-28
116,Opal Wortt,lawyer,Female,Houston,10000,1967-03-06
117,Carmelita Westfalen,writer,Female,New York,10001,1992-09-19
118,Melitta Laird,scientist,Female,Dallas,10001,1988-03-13
119,Mandel Akister,chef,Male,Phoenix,10001,1973-04-29
120,Kim Harmant,architect,Male,Philadelphia,10000,1983-09-20
121,Moises Trebilcock,architect,Male,San Diego,10001,1994-08-02
122,Carita Lyles,architect,Female,Phoenix,10001,1992-09-15
123,Moses Crates,engineer,Male,Houston,10001,1969-09-06
124,Devora Ivanilov,chef,Female,New York,10001,1982-08-27
125,Mal Goody,teacher,Male,Houston,10000,1973-12-19
126,Emmott Blaney,writer,Male,Dallas,10000,1983-02-13
127,Brant Emanuel,doctor,Male,Chicago,10001,1962-06-16
128,Barnard Weatherell,pilot,Male,San Jose,10000,1994-10-19
129,Tiffy Mallon,scientist,Female,New York,10000,1996-09-29
130,Jacqueline Weston,engineer,Female,Houston,10000,1995-06-14
131,Kimmi Huton,engineer,Female,Philadelphia,10001,1961-09-15
132,Dorene Stolle,engineer,Female,Los Angeles,10000,1998-05-06
133,Katharina McGrorty,artist,Female,Dallas,10001,1962-01-07
134,Witty Gliddon,scientist,Male,Philadelphia,10000,1982-12-11
135,Cybil Mazey,lawyer,Female,Philadelphia,10000,1993-09-22
136,Alica Degoix,doctor,Female,Chicago,10000,1979-05-09
137,Frederich Wellsman,engineer,Male,Los Angeles,10000,1975-04-23
138,Rona Lifton,doctor,Female,New York,10000,1982-11-19
139,Patric Boner,architect,Male,Chicago,10000,1981-06-06
140,Nara Itzchaky,artist,Female,Houston,10001,1972-02-25
141,Letti Benitti,engineer,Female,Chicago,10000,1965-01-24
142,Carny Tiffney,scientist,Male,San Jose,10001,1977-09-05
143,Tybie Mathivet,doctor,Female,San Jose,10001,1999-09-20
144,Yves Alflatt,pilot,Male,Los Angeles,10001,1961-08-11
145,Winni Beatens,doctor,Female,San Diego,10001,1969-07-15
146,Johnathan Maywood,teacher,Male,Dallas,10001,1999-11-28
147,Ailbert Probat,artist,Male,New York,10000,1983-10-26
148,Joanna Pablos,chef,Female,Philadelphia,10001,1967-03-28
149,Shana Sabattier,architect,Female,Houston,10000,1973-05-27
150,Austin Cheesworth,writer,Male,San Antonio,10000,1997-03-27
151,Jecho Geistbeck,doctor,Male,Houston,10001,1988-04-20
152,Gearalt Ropking,teacher,Male,Philadelphia,10000,1967-01-10
153,Judith Sedgeworth,architect,Female,San Antonio,10001,1992-11-29
154,Jerad Lettley,engineer,Male,Houston,10001,1989-02-03
155,Maisey McVeagh,pilot,Female,Phoenix,10001,1988-10-26
156,Drucie Spinozzi,teacher,Female,Philadelphia,10000,1980-11-20
157,Gwyneth Sellek,architect,Female,San Jose,10001,1987-12-13
158,Perl Klulisek,writer,Female,Phoenix,10000,1965-04-07
159,Chelsy Draaisma,teacher,Female,Los Angeles,10001,1966-01-10
160,Missie Terbeck,writer,Female,Houston,10000,1981-05-05
161,Delia Andress,doctor,Female,San Jose,10001,2000-02-05
162,Kaleena Garstang,chef,Female,Dallas,10001,1991-09-08
163,Kristo Malloch,chef,Male,New York,10000,1998-05-10
164,Antonius Tabb,pilot,Male,Los Angeles,10001,1961-12-14
165,Weston Redpath,lawyer,Male,San Antonio,10001,1999-03-08
166,Riva Sealey,lawyer,Female,Chicago,10000,1995-12-09
167,Wain Chomicz,writer,Male,San Jose,10000,1963-03-05
168,Gregorio Van Der Walt,chef,Male,New York,10000,1985-03-14
169,Roscoe Eaglen,teacher,Male,Chicago,10000,1971-05-20
170,Bonita Cobbald,teacher,Female,San Antonio,10000,1972-03-05
171,Vanya Spearman,lawyer,Female,Philadelphia,10001,1993-04-25
172,Abbe Cosgriff,engineer,Male,Philadelphia,10000,1989-04-08
173,Crystal Bazire,artist,Female,Los Angeles,10001,1969-12-16
174,Justino Gaye,engineer,Male,Dallas,10001,1986-02-15
175,Tabbie Twinbourne,pilot,Female,Los Angeles,10000,1961-04-21
176,Ebba Chinnick,teacher,Female,Los Angeles,10000,1985-06-17
177,Shawna Rippen,artist,Female,Los Angeles,10000,1972-01-15
178,Galina Willmett,teacher,Female,New York,10000,1991-05-04
179,Prinz Gullifant,scientist,Male,Houston,10001,1968-01-14
180,Ogden Owbridge,artist,Male,Dallas,10001,1998-08-16
181,Welbie Forster,teacher,Male,Los Angeles,10001,1976-12-30
182,Toma Axell,architect,Female,New York,10000,1992-05-29
183,Issy Alliott,doctor,Female,Houston,10000,1961-10-01
184,Pen Wernher,scientist,Female,Phoenix,10001,1979-12-24
185,Jabez Cokly,doctor,Male,Phoenix,10001,1962-03-04
186,Kristofor Mathes,writer,Male,Philadelphia,10001,1961-09-06
187,Giacopo Philipart,lawyer,Male,Phoenix,10000,1993-02-10
188,Antin Elmhurst,engineer,Male,San Diego,10000,1979-12-22
189,Nichole Hayselden,engineer,Female,Houston,10000,2000-11-01
190,Gannon Fripps,lawyer,Male,Los Angeles,10001,1993-12-26
191,Glori Esplin,writer,Female,San Antonio,10000,1975-07-05
192,Gretchen Bernardinelli,scientist,Female,Chicago,10001,1984-01-10
193,Fania Bourthouloume,doctor,Female,Dallas,10000,1994-11-06
194,Timofei Shilladay,pilot,Male,San Diego,10001,1999-11-19
195,Bert Winckworth,chef,Male,New York,10000,1966-09-29
196,Emmeline Deeprose,lawyer,Female,Dallas,10000,1974-09-14
197,Clementine Brahms,chef,Female,Phoenix,10001,1965-06-20
198,Galvan Jaggli,engineer,Male,San Jose,10001,1997-09-25
199,Randall Grandin,teacher,Male,San Diego,10000,1971-10-05
200,Hans Rouff,doctor,Male,Los Angeles,10000,1986-05-11
